[
{
  "model": "dcim.manufacturer",
  "pk": "455bfe50-5131-40fb-9b13-8413cd5531e3",
  "fields": {
    "created": "2022-12-22",
    "last_updated": "2022-12-22T00:15:54.445Z",
    "_custom_field_data": {},
    "name": "cisco",
    "slug": "cisco",
    "description": ""
  }
},
{
  "model": "dcim.devicetype",
  "pk": "7a820a8d-bbcc-43ea-b544-d3b241c8afb4",
  "fields": {
    "created": "2022-12-22",
    "last_updated": "2022-12-22T00:16:10.617Z",
    "_custom_field_data": {},
    "manufacturer": "455bfe50-5131-40fb-9b13-8413cd5531e3",
    "model": "isr-1001",
    "slug": "isr-1001",
    "part_number": "",
    "u_height": 1,
    "is_full_depth": true,
    "subdevice_role": "",
    "front_image": "",
    "rear_image": "",
    "comments": ""
  }
},
{
  "model": "dcim.devicerole",
  "pk": "3d10b425-0536-4686-9279-732cc7b2c85e",
  "fields": {
    "created": "2022-12-22",
    "last_updated": "2022-12-22T00:15:44.995Z",
    "_custom_field_data": {},
    "name": "switch",
    "slug": "switch",
    "color": "9e9e9e",
    "vm_role": true,
    "description": ""
  }
},
{
  "model": "extras.status",
  "fields": {
    "created": "2022-12-22",
    "last_updated": "2022-12-22T00:13:13.076Z",
    "_custom_field_data": {},
    "name": "Container",
    "color": "9e9e9e",
    "slug": "container",
    "description": "Network contains children",
    "content_types": [
      [
        "ipam",
        "prefix"
      ]
    ]
  }
},
{
  "model": "extras.status",
  "fields": {
    "created": "2022-12-22",
    "last_updated": "2022-12-22T00:13:12.894Z",
    "_custom_field_data": {},
    "name": "Planned",
    "color": "00bcd4",
    "slug": "planned",
    "description": "Unit has been planned",
    "content_types": [
      [
        "circuits",
        "circuit"
      ],
      [
        "dcim",
        "cable"
      ],
      [
        "dcim",
        "device"
      ],
      [
        "dcim",
        "interface"
      ],
      [
        "dcim",
        "location"
      ],
      [
        "dcim",
        "powerfeed"
      ],
      [
        "dcim",
        "rack"
      ],
      [
        "dcim",
        "deviceredundancygroup"
      ],
      [
        "dcim",
        "site"
      ],
      [
        "virtualization",
        "virtualmachine"
      ],
      [
        "virtualization",
        "vminterface"
      ]
    ]
  }
},
{
  "model": "extras.status",
  "fields": {
    "created": "2022-12-22",
    "last_updated": "2022-12-22T00:13:12.913Z",
    "_custom_field_data": {},
    "name": "Decommissioned",
    "color": "9e9e9e",
    "slug": "decommissioned",
    "description": "Circuit has been decommissioned",
    "content_types": [
      [
        "circuits",
        "circuit"
      ]
    ]
  }
},
{
  "model": "extras.status",
  "fields": {
    "created": "2022-12-22",
    "last_updated": "2022-12-22T00:13:12.974Z",
    "_custom_field_data": {},
    "name": "Staging",
    "color": "2196f3",
    "slug": "staging",
    "description": "Site or Location is in the process of being staged",
    "content_types": [
      [
        "dcim",
        "location"
      ],
      [
        "dcim",
        "deviceredundancygroup"
      ],
      [
        "dcim",
        "site"
      ]
    ]
  }
},
{
  "model": "extras.status",
  "fields": {
    "created": "2022-12-22",
    "last_updated": "2022-12-22T00:13:12.901Z",
    "_custom_field_data": {},
    "name": "Active",
    "color": "4caf50",
    "slug": "active",
    "description": "Unit is active",
    "content_types": [
      [
        "circuits",
        "circuit"
      ],
      [
        "dcim",
        "device"
      ],
      [
        "dcim",
        "interface"
      ],
      [
        "dcim",
        "location"
      ],
      [
        "dcim",
        "powerfeed"
      ],
      [
        "dcim",
        "rack"
      ],
      [
        "dcim",
        "deviceredundancygroup"
      ],
      [
        "dcim",
        "site"
      ],
      [
        "ipam",
        "ipaddress"
      ],
      [
        "ipam",
        "prefix"
      ],
      [
        "ipam",
        "vlan"
      ],
      [
        "virtualization",
        "virtualmachine"
      ],
      [
        "virtualization",
        "vminterface"
      ]
    ]
  }
},
{
  "model": "extras.status",
  "fields": {
    "created": "2022-12-22",
    "last_updated": "2022-12-22T00:13:13.067Z",
    "_custom_field_data": {},
    "name": "DHCP",
    "color": "4caf50",
    "slug": "dhcp",
    "description": "Dynamically assigned IPv4/IPv6 address",
    "content_types": [
      [
        "ipam",
        "ipaddress"
      ]
    ]
  }
},
{
  "model": "extras.status",
  "fields": {
    "created": "2022-12-22",
    "last_updated": "2022-12-22T00:13:12.905Z",
    "_custom_field_data": {},
    "name": "Offline",
    "color": "ffc107",
    "slug": "offline",
    "description": "Unit is offline",
    "content_types": [
      [
        "circuits",
        "circuit"
      ],
      [
        "dcim",
        "device"
      ],
      [
        "dcim",
        "powerfeed"
      ],
      [
        "virtualization",
        "virtualmachine"
      ]
    ]
  }
},
{
  "model": "extras.status",
  "fields": {
    "created": "2022-12-22",
    "last_updated": "2022-12-22T00:13:12.924Z",
    "_custom_field_data": {},
    "name": "Decommissioning",
    "color": "ffc107",
    "slug": "decommissioning",
    "description": "Unit is being decommissioned",
    "content_types": [
      [
        "dcim",
        "cable"
      ],
      [
        "dcim",
        "device"
      ],
      [
        "dcim",
        "interface"
      ],
      [
        "dcim",
        "location"
      ],
      [
        "dcim",
        "deviceredundancygroup"
      ],
      [
        "dcim",
        "site"
      ],
      [
        "virtualization",
        "virtualmachine"
      ],
      [
        "virtualization",
        "vminterface"
      ]
    ]
  }
},
{
  "model": "extras.status",
  "fields": {
    "created": "2022-12-22",
    "last_updated": "2022-12-22T00:13:12.945Z",
    "_custom_field_data": {},
    "name": "Inventory",
    "color": "9e9e9e",
    "slug": "inventory",
    "description": "Device is in inventory",
    "content_types": [
      [
        "dcim",
        "device"
      ]
    ]
  }
},
{
  "model": "extras.status",
  "fields": {
    "created": "2022-12-22",
    "last_updated": "2022-12-22T00:13:13.012Z",
    "_custom_field_data": {},
    "name": "Available",
    "color": "4caf50",
    "slug": "available",
    "description": "Unit is available",
    "content_types": [
      [
        "dcim",
        "rack"
      ]
    ]
  }
},
{
  "model": "extras.status",
  "fields": {
    "created": "2022-12-22",
    "last_updated": "2022-12-22T00:13:12.909Z",
    "_custom_field_data": {},
    "name": "Deprovisioning",
    "color": "ffc107",
    "slug": "deprovisioning",
    "description": "Circuit is being deprovisioned",
    "content_types": [
      [
        "circuits",
        "circuit"
      ]
    ]
  }
},
{
  "model": "extras.status",
  "fields": {
    "created": "2022-12-22",
    "last_updated": "2022-12-22T00:13:12.964Z",
    "_custom_field_data": {},
    "name": "Maintenance",
    "color": "9e9e9e",
    "slug": "maintenance",
    "description": "Unit is under maintenance",
    "content_types": [
      [
        "dcim",
        "interface"
      ],
      [
        "virtualization",
        "vminterface"
      ]
    ]
  }
},
{
  "model": "extras.status",
  "fields": {
    "created": "2022-12-22",
    "last_updated": "2022-12-22T00:13:13.009Z",
    "_custom_field_data": {},
    "name": "Reserved",
    "color": "00bcd4",
    "slug": "reserved",
    "description": "Unit is reserved",
    "content_types": [
      [
        "dcim",
        "rack"
      ],
      [
        "ipam",
        "ipaddress"
      ],
      [
        "ipam",
        "prefix"
      ],
      [
        "ipam",
        "vlan"
      ]
    ]
  }
},
{
  "model": "extras.status",
  "fields": {
    "created": "2022-12-22",
    "last_updated": "2022-12-22T00:13:12.938Z",
    "_custom_field_data": {},
    "name": "Staged",
    "color": "2196f3",
    "slug": "staged",
    "description": "Unit has been staged",
    "content_types": [
      [
        "dcim",
        "device"
      ],
      [
        "virtualization",
        "virtualmachine"
      ]
    ]
  }
},
{
  "model": "extras.status",
  "fields": {
    "created": "2022-12-22",
    "last_updated": "2022-12-22T00:13:13.070Z",
    "_custom_field_data": {},
    "name": "SLAAC",
    "color": "4caf50",
    "slug": "slaac",
    "description": "Dynamically assigned IPv6 address",
    "content_types": [
      [
        "ipam",
        "ipaddress"
      ]
    ]
  }
},
{
  "model": "extras.status",
  "fields": {
    "created": "2022-12-22",
    "last_updated": "2022-12-22T00:13:13.024Z",
    "_custom_field_data": {},
    "name": "Deprecated",
    "color": "f44336",
    "slug": "deprecated",
    "description": "Unit has been deprecated",
    "content_types": [
      [
        "dcim",
        "rack"
      ],
      [
        "ipam",
        "ipaddress"
      ],
      [
        "ipam",
        "prefix"
      ],
      [
        "ipam",
        "vlan"
      ]
    ]
  }
},
{
  "model": "extras.status",
  "fields": {
    "created": "2022-12-22",
    "last_updated": "2022-12-22T00:13:12.899Z",
    "_custom_field_data": {},
    "name": "Provisioning",
    "color": "2196f3",
    "slug": "provisioning",
    "description": "Circuit is being provisioned",
    "content_types": [
      [
        "circuits",
        "circuit"
      ]
    ]
  }
},
{
  "model": "extras.status",
  "fields": {
    "created": "2022-12-22",
    "last_updated": "2022-12-22T00:13:12.942Z",
    "_custom_field_data": {},
    "name": "Failed",
    "color": "f44336",
    "slug": "failed",
    "description": "Unit has failed",
    "content_types": [
      [
        "dcim",
        "device"
      ],
      [
        "dcim",
        "interface"
      ],
      [
        "dcim",
        "powerfeed"
      ],
      [
        "virtualization",
        "virtualmachine"
      ],
      [
        "virtualization",
        "vminterface"
      ]
    ]
  }
},
{
  "model": "extras.status",
  "fields": {
    "created": "2022-12-22",
    "last_updated": "2022-12-22T00:13:12.987Z",
    "_custom_field_data": {},
    "name": "Retired",
    "color": "f44336",
    "slug": "retired",
    "description": "Site or Location has been retired",
    "content_types": [
      [
        "dcim",
        "location"
      ],
      [
        "dcim",
        "deviceredundancygroup"
      ],
      [
        "dcim",
        "site"
      ]
    ]
  }
},
{
  "model": "extras.status",
  "fields": {
    "created": "2022-12-22",
    "last_updated": "2022-12-22T00:13:12.918Z",
    "_custom_field_data": {},
    "name": "Connected",
    "color": "4caf50",
    "slug": "connected",
    "description": "Cable is connected",
    "content_types": [
      [
        "dcim",
        "cable"
      ]
    ]
  }
},
{
  "model": "ipam.vlan",
  "pk": "279656b9-c901-4d37-9d1c-0a3917c05ae4",
  "fields": {
    "created": "2022-12-22",
    "last_updated": "2022-12-22T00:17:41.393Z",
    "_custom_field_data": {},
    "status": [
      "Active"
    ],
    "site": "f258621c-0122-400d-9320-f57686c89ff3",
    "location": null,
    "group": null,
    "vid": 103,
    "name": "VL103",
    "tenant": null,
    "role": null,
    "description": ""
  }
},
{
  "model": "ipam.vlan",
  "pk": "49232039-be47-4256-a129-305d6c6da9cf",
  "fields": {
    "created": "2022-12-22",
    "last_updated": "2022-12-22T00:17:41.325Z",
    "_custom_field_data": {},
    "status": [
      "Active"
    ],
    "site": "f258621c-0122-400d-9320-f57686c89ff3",
    "location": null,
    "group": null,
    "vid": 101,
    "name": "VL101",
    "tenant": null,
    "role": null,
    "description": ""
  }
},
{
  "model": "ipam.vlan",
  "pk": "950cccde-a190-4959-8365-febc13afaecf",
  "fields": {
    "created": "2022-12-22",
    "last_updated": "2022-12-22T00:17:41.378Z",
    "_custom_field_data": {},
    "status": [
      "Active"
    ],
    "site": "f258621c-0122-400d-9320-f57686c89ff3",
    "location": null,
    "group": null,
    "vid": 102,
    "name": "VL102",
    "tenant": null,
    "role": null,
    "description": ""
  }
},
{
  "model": "dcim.site",
  "pk": "f258621c-0122-400d-9320-f57686c89ff3",
  "fields": {
    "created": "2022-12-22",
    "last_updated": "2022-12-22T00:16:52.352Z",
    "_custom_field_data": {},
    "status": [
      "Active"
    ],
    "name": "ams01",
    "_name": "ams00000001",
    "slug": "ams01",
    "region": null,
    "tenant": null,
    "facility": "",
    "asn": null,
    "time_zone": null,
    "description": "",
    "physical_address": "",
    "shipping_address": "",
    "latitude": null,
    "longitude": null,
    "contact_name": "",
    "contact_phone": "",
    "contact_email": "",
    "comments": ""
  }
},
{
  "model": "dcim.device",
  "pk": "30647ec0-0ab1-40fc-becf-735ca49a2562",
  "fields": {
    "created": "2022-12-22",
    "last_updated": "2022-12-22T00:17:06.876Z",
    "_custom_field_data": {},
    "status": [
      "Active"
    ],
    "local_context_data": null,
    "local_context_schema": null,
    "local_context_data_owner_content_type": null,
    "local_context_data_owner_object_id": null,
    "device_type": "7a820a8d-bbcc-43ea-b544-d3b241c8afb4",
    "device_role": "3d10b425-0536-4686-9279-732cc7b2c85e",
    "tenant": null,
    "platform": null,
    "name": "ams01-edge-01",
    "_name": "ams00000001-edge-00000001",
    "serial": "",
    "asset_tag": null,
    "site": "f258621c-0122-400d-9320-f57686c89ff3",
    "location": null,
    "rack": null,
    "position": null,
    "face": "",
    "primary_ip4": null,
    "primary_ip6": null,
    "cluster": null,
    "virtual_chassis": null,
    "device_redundancy_group": null,
    "device_redundancy_group_priority": null,
    "vc_position": null,
    "vc_priority": null,
    "comments": "",
    "secrets_group": null
  }
},
{
  "model": "dcim.device",
  "pk": "38c03ce1-4e0f-4d3b-9333-6775983d537c",
  "fields": {
    "created": "2022-12-22",
    "last_updated": "2022-12-22T00:17:14.863Z",
    "_custom_field_data": {},
    "status": [
      "Active"
    ],
    "local_context_data": null,
    "local_context_schema": null,
    "local_context_data_owner_content_type": null,
    "local_context_data_owner_object_id": null,
    "device_type": "7a820a8d-bbcc-43ea-b544-d3b241c8afb4",
    "device_role": "3d10b425-0536-4686-9279-732cc7b2c85e",
    "tenant": null,
    "platform": null,
    "name": "ams01-edge-02",
    "_name": "ams00000001-edge-00000002",
    "serial": "",
    "asset_tag": null,
    "site": "f258621c-0122-400d-9320-f57686c89ff3",
    "location": null,
    "rack": null,
    "position": null,
    "face": "",
    "primary_ip4": null,
    "primary_ip6": null,
    "cluster": null,
    "virtual_chassis": null,
    "device_redundancy_group": null,
    "device_redundancy_group_priority": null,
    "vc_position": null,
    "vc_priority": null,
    "comments": "",
    "secrets_group": null
  }
},
{
  "model": "dcim.device",
  "pk": "924e8976-155a-4c64-bd9f-b40d436d3f3d",
  "fields": {
    "created": "2022-12-22",
    "last_updated": "2022-12-22T00:17:25.849Z",
    "_custom_field_data": {},
    "status": [
      "Active"
    ],
    "local_context_data": null,
    "local_context_schema": null,
    "local_context_data_owner_content_type": null,
    "local_context_data_owner_object_id": null,
    "device_type": "7a820a8d-bbcc-43ea-b544-d3b241c8afb4",
    "device_role": "3d10b425-0536-4686-9279-732cc7b2c85e",
    "tenant": null,
    "platform": null,
    "name": "ams01-edge-03",
    "_name": "ams00000001-edge-00000003",
    "serial": "",
    "asset_tag": null,
    "site": "f258621c-0122-400d-9320-f57686c89ff3",
    "location": null,
    "rack": null,
    "position": null,
    "face": "",
    "primary_ip4": null,
    "primary_ip6": null,
    "cluster": null,
    "virtual_chassis": null,
    "device_redundancy_group": null,
    "device_redundancy_group_priority": null,
    "vc_position": null,
    "vc_priority": null,
    "comments": "",
    "secrets_group": null
  }
},
{
  "model": "dcim.interface",
  "pk": "0445ff23-b8f0-4bde-9b70-59a8a3020995",
  "fields": {
    "created": "2022-12-22",
    "last_updated": "2022-12-22T01:55:43.116Z",
    "_custom_field_data": {},
    "status": [
      "Active"
    ],
    "device": "30647ec0-0ab1-40fc-becf-735ca49a2562",
    "name": "PortChannel1",
    "label": "",
    "description": "",
    "cable": null,
    "_cable_peer_type": null,
    "_cable_peer_id": null,
    "_path": null,
    "enabled": true,
    "mac_address": null,
    "mtu": null,
    "mode": "access",
    "parent_interface": null,
    "bridge": null,
    "_name": "9999999999999999PortChannel000001............",
    "lag": null,
    "type": "10gbase-t",
    "mgmt_only": false,
    "untagged_vlan": null,
    "tagged_vlans": []
  }
},
{
  "model": "dcim.interface",
  "pk": "11428a1e-290c-4cac-8a5a-3bbe98ddd207",
  "fields": {
    "created": "2022-12-22",
    "last_updated": "2022-12-22T01:55:43.175Z",
    "_custom_field_data": {},
    "status": [
      "Active"
    ],
    "device": "38c03ce1-4e0f-4d3b-9333-6775983d537c",
    "name": "Ethernet1/1",
    "label": "",
    "description": "",
    "cable": null,
    "_cable_peer_type": null,
    "_cable_peer_id": null,
    "_path": null,
    "enabled": true,
    "mac_address": null,
    "mtu": null,
    "mode": "access",
    "parent_interface": null,
    "bridge": null,
    "_name": "0001999999999999Ethernet000001............",
    "lag": null,
    "type": "10gbase-t",
    "mgmt_only": false,
    "untagged_vlan": null,
    "tagged_vlans": []
  }
},
{
  "model": "dcim.interface",
  "pk": "27048e16-54ca-4d0e-8aa7-ce7e4209dde1",
  "fields": {
    "created": "2022-12-22",
    "last_updated": "2022-12-22T02:01:25.943Z",
    "_custom_field_data": {},
    "status": [
      "Active"
    ],
    "device": "30647ec0-0ab1-40fc-becf-735ca49a2562",
    "name": "Ethernet3/1",
    "label": "",
    "description": "",
    "cable": null,
    "_cable_peer_type": null,
    "_cable_peer_id": null,
    "_path": null,
    "enabled": true,
    "mac_address": null,
    "mtu": null,
    "mode": "access",
    "parent_interface": null,
    "bridge": null,
    "_name": "0003999999999999Ethernet000001............",
    "lag": null,
    "type": "10gbase-t",
    "mgmt_only": false,
    "untagged_vlan": null,
    "tagged_vlans": []
  }
},
{
  "model": "dcim.interface",
  "pk": "3c926b3d-44c9-4144-92d5-3a91540f4970",
  "fields": {
    "created": "2022-12-22",
    "last_updated": "2022-12-22T01:55:43.295Z",
    "_custom_field_data": {},
    "status": [
      "Active"
    ],
    "device": "924e8976-155a-4c64-bd9f-b40d436d3f3d",
    "name": "Loopback0",
    "label": "",
    "description": "",
    "cable": null,
    "_cable_peer_type": null,
    "_cable_peer_id": null,
    "_path": null,
    "enabled": true,
    "mac_address": null,
    "mtu": null,
    "mode": "access",
    "parent_interface": null,
    "bridge": null,
    "_name": "9999999999999999Loopback000000............",
    "lag": null,
    "type": "10gbase-t",
    "mgmt_only": false,
    "untagged_vlan": null,
    "tagged_vlans": []
  }
},
{
  "model": "dcim.interface",
  "pk": "41dff07d-44c8-48b2-a056-9b6c27767143",
  "fields": {
    "created": "2022-12-22",
    "last_updated": "2022-12-22T01:55:43.134Z",
    "_custom_field_data": {},
    "status": [
      "Active"
    ],
    "device": "30647ec0-0ab1-40fc-becf-735ca49a2562",
    "name": "Loopback0",
    "label": "",
    "description": "",
    "cable": null,
    "_cable_peer_type": null,
    "_cable_peer_id": null,
    "_path": null,
    "enabled": true,
    "mac_address": null,
    "mtu": null,
    "mode": "access",
    "parent_interface": null,
    "bridge": null,
    "_name": "9999999999999999Loopback000000............",
    "lag": null,
    "type": "10gbase-t",
    "mgmt_only": false,
    "untagged_vlan": null,
    "tagged_vlans": []
  }
},
{
  "model": "dcim.interface",
  "pk": "441e3c40-99a3-4a41-9f95-acf43caad1b5",
  "fields": {
    "created": "2022-12-22",
    "last_updated": "2022-12-22T01:55:42.992Z",
    "_custom_field_data": {},
    "status": [
      "Active"
    ],
    "device": "30647ec0-0ab1-40fc-becf-735ca49a2562",
    "name": "vlan101",
    "label": "",
    "description": "",
    "cable": null,
    "_cable_peer_type": null,
    "_cable_peer_id": null,
    "_path": null,
    "enabled": true,
    "mac_address": null,
    "mtu": null,
    "mode": "access",
    "parent_interface": null,
    "bridge": null,
    "_name": "9999999999999999vlan000101............",
    "lag": null,
    "type": "10gbase-t",
    "mgmt_only": false,
    "untagged_vlan": null,
    "tagged_vlans": []
  }
},
{
  "model": "dcim.interface",
  "pk": "53cf3e46-1f27-4cd5-b15f-5aec88b78164",
  "fields": {
    "created": "2022-12-22",
    "last_updated": "2022-12-22T01:55:43.276Z",
    "_custom_field_data": {},
    "status": [
      "Active"
    ],
    "device": "924e8976-155a-4c64-bd9f-b40d436d3f3d",
    "name": "Ethernet2/1",
    "label": "",
    "description": "",
    "cable": null,
    "_cable_peer_type": null,
    "_cable_peer_id": null,
    "_path": null,
    "enabled": true,
    "mac_address": null,
    "mtu": null,
    "mode": "access",
    "parent_interface": null,
    "bridge": null,
    "_name": "0002999999999999Ethernet000001............",
    "lag": null,
    "type": "10gbase-t",
    "mgmt_only": false,
    "untagged_vlan": null,
    "tagged_vlans": []
  }
},
{
  "model": "dcim.interface",
  "pk": "6e181c02-0b9f-42a6-92cd-16a7ee7b9f01",
  "fields": {
    "created": "2022-12-22",
    "last_updated": "2022-12-22T01:55:43.054Z",
    "_custom_field_data": {},
    "status": [
      "Active"
    ],
    "device": "30647ec0-0ab1-40fc-becf-735ca49a2562",
    "name": "Ethernet2/1",
    "label": "",
    "description": "",
    "cable": null,
    "_cable_peer_type": null,
    "_cable_peer_id": null,
    "_path": null,
    "enabled": true,
    "mac_address": null,
    "mtu": null,
    "mode": "access",
    "parent_interface": null,
    "bridge": null,
    "_name": "0002999999999999Ethernet000001............",
    "lag": null,
    "type": "10gbase-t",
    "mgmt_only": false,
    "untagged_vlan": null,
    "tagged_vlans": []
  }
},
{
  "model": "dcim.interface",
  "pk": "8e8dfcd9-49d4-4691-9b64-e4798eda4c48",
  "fields": {
    "created": "2022-12-22",
    "last_updated": "2022-12-22T01:55:43.257Z",
    "_custom_field_data": {},
    "status": [
      "Active"
    ],
    "device": "924e8976-155a-4c64-bd9f-b40d436d3f3d",
    "name": "Ethernet1/1",
    "label": "",
    "description": "",
    "cable": null,
    "_cable_peer_type": null,
    "_cable_peer_id": null,
    "_path": null,
    "enabled": true,
    "mac_address": null,
    "mtu": null,
    "mode": "access",
    "parent_interface": null,
    "bridge": null,
    "_name": "0001999999999999Ethernet000001............",
    "lag": null,
    "type": "10gbase-t",
    "mgmt_only": false,
    "untagged_vlan": null,
    "tagged_vlans": []
  }
},
{
  "model": "dcim.interface",
  "pk": "8fc62211-b810-4c7e-bf5e-9d2657d34bc6",
  "fields": {
    "created": "2022-12-22",
    "last_updated": "2022-12-22T01:55:43.197Z",
    "_custom_field_data": {},
    "status": [
      "Active"
    ],
    "device": "38c03ce1-4e0f-4d3b-9333-6775983d537c",
    "name": "Ethernet2/1",
    "label": "",
    "description": "",
    "cable": null,
    "_cable_peer_type": null,
    "_cable_peer_id": null,
    "_path": null,
    "enabled": true,
    "mac_address": null,
    "mtu": null,
    "mode": "access",
    "parent_interface": null,
    "bridge": null,
    "_name": "0002999999999999Ethernet000001............",
    "lag": null,
    "type": "10gbase-t",
    "mgmt_only": false,
    "untagged_vlan": null,
    "tagged_vlans": []
  }
},
{
  "model": "dcim.interface",
  "pk": "91fb1e03-76ea-47d1-aefc-cc298bbd8531",
  "fields": {
    "created": "2022-12-22",
    "last_updated": "2022-12-22T01:55:43.035Z",
    "_custom_field_data": {},
    "status": [
      "Active"
    ],
    "device": "30647ec0-0ab1-40fc-becf-735ca49a2562",
    "name": "Ethernet1/1",
    "label": "",
    "description": "",
    "cable": null,
    "_cable_peer_type": null,
    "_cable_peer_id": null,
    "_path": null,
    "enabled": true,
    "mac_address": null,
    "mtu": null,
    "mode": "access",
    "parent_interface": null,
    "bridge": null,
    "_name": "0001999999999999Ethernet000001............",
    "lag": null,
    "type": "10gbase-t",
    "mgmt_only": false,
    "untagged_vlan": null,
    "tagged_vlans": []
  }
},
{
  "model": "dcim.interface",
  "pk": "bd9b1f16-40a2-4567-ad12-28c89f13eaca",
  "fields": {
    "created": "2022-12-22",
    "last_updated": "2022-12-22T01:55:43.154Z",
    "_custom_field_data": {},
    "status": [
      "Active"
    ],
    "device": "38c03ce1-4e0f-4d3b-9333-6775983d537c",
    "name": "vlan102",
    "label": "",
    "description": "",
    "cable": null,
    "_cable_peer_type": null,
    "_cable_peer_id": null,
    "_path": null,
    "enabled": true,
    "mac_address": null,
    "mtu": null,
    "mode": "access",
    "parent_interface": null,
    "bridge": null,
    "_name": "9999999999999999vlan000102............",
    "lag": null,
    "type": "10gbase-t",
    "mgmt_only": false,
    "untagged_vlan": null,
    "tagged_vlans": []
  }
},
{
  "model": "dcim.interface",
  "pk": "dc0f7eec-cf9e-4d97-9aaf-df663741ae69",
  "fields": {
    "created": "2022-12-22",
    "last_updated": "2022-12-22T01:55:43.219Z",
    "_custom_field_data": {},
    "status": [
      "Active"
    ],
    "device": "38c03ce1-4e0f-4d3b-9333-6775983d537c",
    "name": "Loopback0",
    "label": "",
    "description": "",
    "cable": null,
    "_cable_peer_type": null,
    "_cable_peer_id": null,
    "_path": null,
    "enabled": true,
    "mac_address": null,
    "mtu": null,
    "mode": "access",
    "parent_interface": null,
    "bridge": null,
    "_name": "9999999999999999Loopback000000............",
    "lag": null,
    "type": "10gbase-t",
    "mgmt_only": false,
    "untagged_vlan": null,
    "tagged_vlans": []
  }
},
{
  "model": "dcim.interface",
  "pk": "e5ef8dfc-f6ed-49d7-830c-99efb305718d",
  "fields": {
    "created": "2022-12-22",
    "last_updated": "2022-12-22T01:57:47.273Z",
    "_custom_field_data": {},
    "status": [
      "Active"
    ],
    "device": "30647ec0-0ab1-40fc-becf-735ca49a2562",
    "name": "Ethernet4/1",
    "label": "",
    "description": "",
    "cable": null,
    "_cable_peer_type": null,
    "_cable_peer_id": null,
    "_path": null,
    "enabled": true,
    "mac_address": null,
    "mtu": null,
    "mode": "tagged",
    "parent_interface": null,
    "bridge": null,
    "_name": "0004999999999999Ethernet000001............",
    "lag": null,
    "type": "10gbase-t",
    "mgmt_only": false,
    "untagged_vlan": "49232039-be47-4256-a129-305d6c6da9cf",
    "tagged_vlans": [
      "950cccde-a190-4959-8365-febc13afaecf",
      "279656b9-c901-4d37-9d1c-0a3917c05ae4"
    ]
  }
},
{
  "model": "dcim.interface",
  "pk": "f08ed161-a7e2-49ff-aecb-5c5dd7c03996",
  "fields": {
    "created": "2022-12-22",
    "last_updated": "2022-12-22T01:55:43.239Z",
    "_custom_field_data": {},
    "status": [
      "Active"
    ],
    "device": "924e8976-155a-4c64-bd9f-b40d436d3f3d",
    "name": "vlan103",
    "label": "",
    "description": "",
    "cable": null,
    "_cable_peer_type": null,
    "_cable_peer_id": null,
    "_path": null,
    "enabled": true,
    "mac_address": null,
    "mtu": null,
    "mode": "access",
    "parent_interface": null,
    "bridge": null,
    "_name": "9999999999999999vlan000103............",
    "lag": null,
    "type": "10gbase-t",
    "mgmt_only": false,
    "untagged_vlan": null,
    "tagged_vlans": []
  }
}
]
